USE master;
GO

IF  DB_ID('BootCamp') IS NOT NULL
    DROP DATABASE BootCamp;
GO

CREATE DATABASE BootCamp;
GO

USE BootCamp;

/**********************OBJECT: Customer*********************/
CREATE TABLE tblCustomer (
  CustomerID		   INT            PRIMARY KEY   IDENTITY,
  EmailAddress         VARCHAR(255)   NOT NULL      UNIQUE,
  FirstName            VARCHAR(60)    NOT NULL,
  LastName             VARCHAR(60)    NOT NULL,
);

/**********************OBJECT: WeighIn*********************/
CREATE TABLE tblCustomerMetrics (
	CustomerID			 INT   REFERENCES tblCustomer (CustomerID),
	WeightInLbs		     FLOAT,
	HeightInInches		 FLOAT,
	WeighInDate          DATE	
);

/**********************OBJECT: Instructor*********************/
CREATE TABLE tblInstructor (
  InstructorID		   INT            PRIMARY KEY   IDENTITY,
  EmailAddress         VARCHAR(255)   NOT NULL      UNIQUE,
  FirstName            VARCHAR(60)    NOT NULL,
  LastName             VARCHAR(60)    NOT NULL
);

/**********************OBJECT: Level***********************/
CREATE TABLE tblLevel (
    LevelID   INT          PRIMARY KEY		IDENTITY,
    LevelName VARCHAR (50) NOT NULL
);

/**********************OBJECT: Focus************************/
CREATE TABLE tblClassFocus (
    ClassFocusID		 INT           PRIMARY KEY		IDENTITY,
    ClassFocusName	 VARCHAR (255) NOT NULL
);

/**********************OBJECT: Class*********************/
Create Table tblClass (
    ClassID		   INT            PRIMARY KEY		IDENTITY,
	ClassName      VARCHAR(60)    NOT NULL,
	ClassStudio    VARCHAR(60)    NOT NULL,
	InstructorID   INT            REFERENCES tblInstructor (InstructorID),
	ClassDOW       VARCHAR(60)    NOT NULL,
	ClassTime	   VARCHAR(60)	  NOT NULL,
	LevelID		   INT            REFERENCES tblLevel (LevelID),
	ClassFocusID   INT           REFERENCES tblClassFocus (ClassFocusID)
);

/**********************OBJECT: CustomerClasss*********************/
Create Table tblCustomerInClass (
    CustomerID	   INT   REFERENCES tblCustomer (CustomerID),
	ClassID		   INT	 REFERENCES tblClass (ClassID)
);





----------------------------------------Inserts--------------------------------------------------------------------

SET IDENTITY_INSERT tblCustomer ON;
insert into tblCustomer (CustomerID, EmailAddress, FirstName, LastName) values 
(1, 'tdiclaudio0@posterous.com', 'Tawnya', 'Di Claudio'),
(2, 'fschild1@unblog.fr', 'Freda', 'Schild'),
(3, 'everryan2@imdb.com', 'Emelda', 'Verryan'),
(4, 'cdowry3@yale.edu', 'Clarette', 'Dowry'),
(5, 'clapslie4@booking.com', 'Cordie', 'Lapslie'),
(6, 'mgaley5@istockphoto.com', 'Mathe', 'Galey'),
(7, 'lkurdani6@canalblog.com', 'Lilia', 'Kurdani'),
(8, 'knoad7@ovh.net', 'Katherina', 'Noad'),
(9, 'rcrummie8@printfriendly.com', 'Reade', 'Crummie'),
(10, 'kwaplinton9@latimes.com', 'Karia', 'Waplinton'),
(11, 'fainsliea@phpbb.com', 'Farlie', 'Ainslie'),
(12, 'ktackb@house.gov', 'Kay', 'Tack'),
(13, 'emavinc@mtv.com', 'Elke', 'Mavin'),
(14, 'atodord@wufoo.com', 'Allyn', 'todor'),
(15, 'sjeunee@icio.us', 'Sampson', 'Jeune'),
(16, 'amarsayf@xinhuanet.com', 'Alaine', 'Marsay'),
(17, 'trizzinig@nsw.gov.au', 'Tandie', 'Rizzini'),
(18, 'agubbinsh@friendfeed.com', 'Annecorinne', 'Gubbins'),
(19, 'oelstubi@1688.com', 'Orelie', 'Elstub'),
(20, 'jmcgradyj@freewebs.com', 'Julia', 'McGrady'),
(21, 'pogrowganek@imageshack.us', 'Pat', 'O''Growgane'),
(22, 'vjunel@globo.com', 'Vern', 'June'),
(23, 'mweedallm@dmoz.org', 'Morgana', 'Weedall'),
(24, 'jwolfordn@samsung.com', 'Jeanne', 'Wolford'),
(25, 'wwybrono@is.gd', 'Whittaker', 'Wybron'),
(26, 'lbailesp@gov.uk', 'Laural', 'Bailes'),
(27, 'rveryardq@si.edu', 'Renato', 'Veryard'),
(28, 'rimbreyr@free.fr', 'Rickie', 'Imbrey'),
(29, 'mmcjarrows@foxnews.com', 'Malina', 'McJarrow'),
(30, 'hpeyest@opensource.org', 'Hamish', 'Peyes'),
(31, 'rshirleyu@yahoo.co.jp', 'Rina', 'Shirley'),
(32, 'charlettv@omniture.com', 'Cassandry', 'Harlett'),
(33, 'fcasbonw@whitehouse.gov', 'Fernanda', 'Casbon'),
(34, 'hmeasex@washington.edu', 'Huntley', 'Mease'),
(35, 'scabreray@slideshare.net', 'Sybyl', 'Cabrera'),
(36, 'creinmarz@gizmodo.com', 'Clarke', 'Reinmar'),
(37, 'cdeacock10@tripod.com', 'Cobby', 'Deacock'),
(38, 'atatershall11@dropbox.com', 'Amaleta', 'Tatershall'),
(39, 'sjouhning12@hc360.com', 'Samson', 'Jouhning'),
(40, 'efinlow13@businessinsider.com', 'Ebba', 'Finlow'),
(41, 'rducker14@amazon.de', 'Rosamond', 'Ducker'),
(42, 'mleander15@google.com.br', 'Melisa', 'Leander'),
(43, 'hdalyell16@bing.com', 'Hanna', 'Dalyell'),
(44, 'cwillshear17@pagesperso-orange.fr', 'Cathrine', 'Willshear'),
(45, 'cmennithorp18@hostgator.com', 'Curtice', 'Mennithorp'),
(46, 'cfahy19@digg.com', 'Chrystel', 'Fahy'),
(47, 'acasswell1a@howstuffworks.com', 'Ab', 'Casswell'),
(48, 'fcogar1b@baidu.com', 'Frederich', 'Cogar'),
(49, 'sferry1c@cnbc.com', 'Sonny', 'Ferry'),
(50, 'czealey1d@topsy.com', 'Corena', 'Zealey'),
(51, 'uclipsham1e@forbes.com', 'Urbano', 'Clipsham'),
(52, 'dberi1f@tripod.com', 'Donny', 'Beri'),
(53, 'bwieprecht1g@google.ca', 'Bellina', 'Wieprecht'),
(54, 'hmeredith1h@discuz.net', 'Hastie', 'Meredith'),
(55, 'hgoodbur1i@upenn.edu', 'Husein', 'Goodbur'),
(56, 'nscrigmour1j@meetup.com', 'Nevins', 'Scrigmour'),
(57, 'melkin1k@eventbrite.com', 'Minta', 'Elkin'),
(58, 'mmilley1l@nyu.edu', 'Michele', 'Milley'),
(59, 'mglozman1m@scribd.com', 'Marv', 'Glozman'),
(60, 'baizik1n@google.pl', 'Bernie', 'Aizik'),
(61, 'gtall1o@answers.com', 'Gherardo', 'Tall'),
(62, 'dswannie1p@cornell.edu', 'Dulsea', 'Swannie'),
(63, 'kalpin1q@walmart.com', 'Kaitlynn', 'Alpin'),
(64, 'banyene1r@unc.edu', 'Birk', 'Anyene'),
(65, 'odunphy1s@devhub.com', 'Ogdan', 'Dunphy'),
(66, 'mandryushin1t@who.int', 'Merci', 'Andryushin'),
(67, 'pedens1u@gmpg.org', 'Patrick', 'Edens'),
(68, 'rblakeman1v@google.cn', 'Rodrick', 'Blakeman'),
(69, 'cmeads1w@disqus.com', 'Cathlene', 'Meads'),
(70, 'lianilli1x@feedburner.com', 'Llywellyn', 'Ianilli'),
(71, 'nlathleiff1y@psu.edu', 'Nicky', 'Lathleiff'),
(72, 'mkembrey1z@joomla.org', 'Marty', 'Kembrey'),
(73, 'lblew20@hibu.com', 'Lorry', 'Blew'),
(74, 'rhughes21@sciencedirect.com', 'Rochella', 'Hughes'),
(75, 'pjime22@sina.com.cn', 'Peyton', 'Jime'),
(76, 'tbonafacino23@mozilla.org', 'Terrence', 'Bonafacino'),
(77, 'pdenial24@mediafire.com', 'Portie', 'Denial'),
(78, 'eparzis25@t.co', 'Elianore', 'Parzis'),
(79, 'bflawith26@adobe.com', 'Brooke', 'Flawith'),
(80, 'wdendle27@liveinternet.ru', 'Wilhelmine', 'Dendle'),
(81, 'collive28@google.fr', 'Cyb', 'Ollive'),
(82, 'sblance29@tumblr.com', 'Sky', 'Blance'),
(83, 'jgrisard2a@360.cn', 'Jeanette', 'Grisard'),
(84, 'lbourtoumieux2b@economist.com', 'Lena', 'Bourtoumieux'),
(85, 'rstoade2c@oaic.gov.au', 'Roxy', 'Stoade'),
(86, 'nbusen2d@cornell.edu', 'Nester', 'Busen'),
(87, 'pmccrorie2e@mit.edu', 'Penni', 'McCrorie'),
(88, 'dwellington2f@bloomberg.com', 'Darci', 'Wellington'),
(89, 'mtavinor2g@tripod.com', 'Morgen', 'Tavinor'),
(90, 'arobertucci2h@exblog.jp', 'Artemas', 'Robertucci'),
(91, 'fosmint2i@usgs.gov', 'Frederik', 'Osmint'),
(92, 'hshefton2j@gizmodo.com', 'Halsy', 'Shefton'),
(93, 'mbentzen2k@harvard.edu', 'Mathe', 'Bentzen'),
(94, 'ibaty2l@indiatimes.com', 'Ingrid', 'Baty'),
(95, 'wharbisher2m@liveinternet.ru', 'Walden', 'Harbisher'),
(96, 'rcast2n@europa.eu', 'Roxie', 'Cast'),
(97, 'rantosch2o@google.de', 'Rancell', 'Antosch'),
(98, 'hhischke2p@symantec.com', 'Hadlee', 'Hischke'),
(99, 'rbarnett2q@webeden.co.uk', 'Royce', 'Barnett'),
(100, 'rreignard2r@exblog.jp', 'Renie', 'Reignard'),
(101, 'jpashbee2s@weather.com', 'Justinian', 'Pashbee'),
(102, 'mhablet2t@auda.org.au', 'Merlina', 'Hablet'),
(103, 'edyos2u@mit.edu', 'Elisha', 'Dyos'),
(104, 'cscarr2v@behance.net', 'Cad', 'Scarr'),
(105, 'cshilliday2w@123-reg.co.uk', 'Cody', 'Shilliday'),
(106, 'slampitt2x@photobucket.com', 'Shaylyn', 'Lampitt'),
(107, 'ltichner2y@hibu.com', 'Lilia', 'Tichner'),
(108, 'amccourtie2z@yahoo.co.jp', 'Anatollo', 'McCourtie'),
(109, 'cmotten30@amazonaws.com', 'Cristina', 'Motten'),
(110, 'amilesap31@pinterest.com', 'Anna-maria', 'Milesap'),
(111, 'rrickertsen32@cornell.edu', 'Ruddie', 'Rickertsen'),
(112, 'eswainger33@sogou.com', 'Ed', 'Swainger'),
(113, 'cerangey34@examiner.com', 'Curtis', 'Erangey'),
(114, 'cscramage35@linkedin.com', 'Clarette', 'Scramage'),
(115, 'kglynn36@themeforest.net', 'Kellyann', 'Glynn'),
(116, 'dstredwick37@mail.ru', 'Davina', 'Stredwick'),
(117, 'hchilderley38@alibaba.com', 'Hermann', 'Childerley'),
(118, 'lpolland39@foxnews.com', 'Lovell', 'Polland'),
(119, 'dstorrah3a@house.gov', 'Dasya', 'Storrah'),
(120, 'scockshtt3b@icq.com', 'Sal', 'Cockshtt'),
(121, 'dtreversh3c@ibm.com', 'Darren', 'Treversh'),
(122, 'zschott3d@howstuffworks.com', 'Zackariah', 'Schott'),
(123, 'ploram3e@squarespace.com', 'Papagena', 'Loram'),
(124, 'gosmon3f@nyu.edu', 'Guillaume', 'Osmon'),
(125, 'dstolberger3g@vk.com', 'Dulce', 'Stolberger'),
(126, 'hagius3h@so-net.ne.jp', 'Hobie', 'Agius'),
(127, 'kindge3i@mediafire.com', 'Ky', 'Indge'),
(128, 'dhaggar3j@ibm.com', 'Dulcie', 'Haggar'),
(129, 'rhenstridge3k@wix.com', 'Rosene', 'Henstridge'),
(130, 'llerwell3l@army.mil', 'Laird', 'Lerwell'),
(131, 'hspreag3m@last.fm', 'Hedwiga', 'Spreag'),
(132, 'aspivey3n@alexa.com', 'Allianora', 'Spivey'),
(133, 'jprium3o@nydailynews.com', 'Jimmy', 'Prium'),
(134, 'swellan3p@shinystat.com', 'Siusan', 'Wellan'),
(135, 'kmcphate3q@npr.org', 'Kaye', 'McPhate'),
(136, 'elettington3r@delicious.com', 'Eberhard', 'Lettington'),
(137, 'akensy3s@bandcamp.com', 'Antonie', 'Kensy'),
(138, 'ggordon3t@chicagotribune.com', 'Gerrard', 'Gordon'),
(139, 'comalley3u@loc.gov', 'Corabel', 'O''Malley'),
(140, 'memmott3v@mysql.com', 'Martelle', 'Emmott'),
(141, 'acoules3w@irs.gov', 'Astrix', 'Coules'),
(142, 'jfarherty3x@dmoz.org', 'Jonie', 'Farherty'),
(143, 'amate3y@miitbeian.gov.cn', 'Arlin', 'Mate'),
(144, 'whasel3z@mtv.com', 'Waldo', 'Hasel'),
(145, 'dchimienti40@merriam-webster.com', 'Dianne', 'Chimienti'),
(146, 'vmcquillin41@imageshack.us', 'Viviyan', 'McQuillin'),
(147, 'tcorgenvin42@ustream.tv', 'Tabby', 'Corgenvin'),
(148, 'cplaide43@twitpic.com', 'Cloe', 'Plaide'),
(149, 'abeaudry44@accuweather.com', 'Allie', 'Beaudry'),
(150, 'msmickle45@usa.gov', 'Maritsa', 'Smickle'),
(151, 'zpostlewhite46@newyorker.com', 'Zed', 'Postlewhite'),
(152, 'mrosewall47@dropbox.com', 'Myrah', 'Rosewall'),
(153, 'rdowsey48@rakuten.co.jp', 'Roscoe', 'Dowsey'),
(154, 'igajownik49@creativecommons.org', 'Isa', 'Gajownik'),
(155, 'lwestoff4a@dailymotion.com', 'Leland', 'Westoff'),
(156, 'ebatiste4b@typepad.com', 'Ewart', 'Batiste'),
(157, 'achalloner4c@ft.com', 'Artair', 'Challoner'),
(158, 'lcharrett4d@twitpic.com', 'Liane', 'Charrett'),
(159, 'tjoslyn4e@blog.com', 'Timmy', 'Joslyn'),
(160, 'lhadeke4f@cbslocal.com', 'Lexine', 'Hadeke'),
(161, 'cmingauld4g@google.com.br', 'Cyrill', 'Mingauld'),
(162, 'krourke4h@bigcartel.com', 'Kaia', 'Rourke'),
(163, 'twaring4i@livejournal.com', 'Torin', 'Waring'),
(164, 'gtrumpeter4j@yandex.ru', 'Gabby', 'Trumpeter'),
(165, 'ckleinber4k@oaic.gov.au', 'Cherish', 'Kleinber'),
(166, 'brubie4l@vinaora.com', 'Burton', 'Rubie'),
(167, 'msisnett4m@godaddy.com', 'Melisande', 'Sisnett'),
(168, 'dlots4n@flavors.me', 'Dynah', 'Lots'),
(169, 'chousby4o@fc2.com', 'Charis', 'Housby'),
(170, 'ddorcey4p@unblog.fr', 'Dwain', 'Dorcey'),
(171, 'ahakking4q@blog.com', 'Ahmed', 'Hakking'),
(172, 'ldevennie4r@java.com', 'Leland', 'Devennie'),
(173, 'sdun4s@ocn.ne.jp', 'Sergio', 'Dun'),
(174, 'ppoulgreen4t@live.com', 'Patton', 'Poulgreen'),
(175, 'amacginley4u@gizmodo.com', 'Agnes', 'MacGinley'),
(176, 'cgildea4v@php.net', 'Casi', 'Gildea'),
(177, 'asivyer4w@mapy.cz', 'Aime', 'Sivyer'),
(178, 'rvizard4x@exblog.jp', 'Robyn', 'Vizard'),
(179, 'bgowing4y@cdc.gov', 'Bevon', 'Gowing'),
(180, 'cbabon4z@sohu.com', 'Carrissa', 'Babon'),
(181, 'sburnel50@slate.com', 'Shermie', 'Burnel'),
(182, 'kdarrigrand51@disqus.com', 'Kamillah', 'Darrigrand'),
(183, 'jmanuely52@example.com', 'Joete', 'Manuely'),
(184, 'uandrea53@hatena.ne.jp', 'Udale', 'Andrea'),
(185, 'syakob54@bloomberg.com', 'Saundra', 'Yakob'),
(186, 'ssexton55@weather.com', 'Susanetta', 'Sexton'),
(187, 'mthaxter56@paginegialle.it', 'Milena', 'Thaxter'),
(188, 'spendered57@1688.com', 'Silvio', 'Pendered'),
(189, 'astollberger58@salon.com', 'Aylmar', 'Stollberger'),
(190, 'aableson59@springer.com', 'Adria', 'Ableson'),
(191, 'rpinniger5a@homestead.com', 'Randy', 'Pinniger'),
(192, 'ifoat5b@tiny.cc', 'Iver', 'Foat'),
(193, 'fladell5c@domainmarket.com', 'Fax', 'Ladell'),
(194, 'cclayhill5d@home.pl', 'Cale', 'Clayhill'),
(195, 'cwaadenburg5e@cpanel.net', 'Coral', 'Waadenburg'),
(196, 'kthunderchief5f@spotify.com', 'Keely', 'Thunderchief'),
(197, 'dridder5g@freewebs.com', 'Dido', 'Ridder'),
(198, 'bsante5h@theguardian.com', 'Blithe', 'Sante'),
(199, 'ltearney5i@istockphoto.com', 'Letitia', 'Tearney'),
(200, 'lhowsin5j@google.co.uk', 'Lucias', 'Howsin'),
(201, 'wcaslane5k@yelp.com', 'Waylin', 'Caslane'),
(202, 'lmeugens5l@studiopress.com', 'Lucilia', 'Meugens'),
(203, 'kgravestone5m@mac.com', 'Karel', 'Gravestone'),
(204, 'sgowthrop5n@rediff.com', 'Solly', 'Gowthrop'),
(205, 'mbeining5o@t-online.de', 'Madeleine', 'Beining'),
(206, 'ltredinnick5p@tuttocitta.it', 'Lorrie', 'Tredinnick'),
(207, 'tarmfield5q@woothemes.com', 'Tarrah', 'Armfield'),
(208, 'cstutte5r@springer.com', 'Clarence', 'Stutte'),
(209, 'ipardew5s@comcast.net', 'Inness', 'Pardew'),
(210, 'pblodget5t@sina.com.cn', 'Papagena', 'Blodget'),
(211, 'bmacfaell5u@google.nl', 'Bary', 'MacFaell'),
(212, 'rparminter5v@irs.gov', 'Retha', 'Parminter'),
(213, 'bmayhou5w@seattletimes.com', 'Buddie', 'Mayhou'),
(214, 'glethley5x@irs.gov', 'Golda', 'Lethley'),
(215, 'ncasin5y@spotify.com', 'Nilson', 'Casin'),
(216, 'nmaclleese5z@tinypic.com', 'Nanni', 'MacLleese'),
(217, 'obrinsden60@hp.com', 'Orly', 'Brinsden'),
(218, 'bcastellucci61@nba.com', 'Bernadine', 'Castellucci'),
(219, 'hcromley62@hatena.ne.jp', 'Haskell', 'Cromley'),
(220, 'dpothecary63@chicagotribune.com', 'Dorotea', 'Pothecary'),
(221, 'dsawart64@goo.ne.jp', 'Demetrius', 'Sawart'),
(222, 'raddams65@tmall.com', 'Rudolf', 'Addams'),
(223, 'gfells66@baidu.com', 'Giacomo', 'Fells'),
(224, 'mantognozzii67@youtu.be', 'Marcel', 'Antognozzii'),
(225, 'etwigge68@free.fr', 'Em', 'Twigge'),
(226, 'tkenelin69@sfgate.com', 'Tally', 'Kenelin'),
(227, 'ldowers6a@abc.net.au', 'Lock', 'Dowers'),
(228, 'kwyllcock6b@forbes.com', 'Karisa', 'Wyllcock'),
(229, 'jmacgillavery6c@washingtonpost.com', 'Jourdan', 'MacGillavery'),
(230, 'cfullilove6d@dell.com', 'Corbett', 'Fullilove'),
(231, 'pyurenin6e@gravatar.com', 'Pierson', 'Yurenin'),
(232, 'zeuels6f@usatoday.com', 'Zandra', 'Euels'),
(233, 'sastlett6g@un.org', 'Sherman', 'Astlett'),
(234, 'ldowgill6h@aboutads.info', 'Law', 'Dowgill'),
(235, 'fnevett6i@nsw.gov.au', 'Florence', 'Nevett'),
(236, 'itrevena6j@360.cn', 'Idell', 'Trevena'),
(237, 'vygoe6k@amazon.de', 'Vonnie', 'Ygoe'),
(238, 'jlehrmann6l@ehow.com', 'Jacquelin', 'Lehrmann'),
(239, 'fhasselby6m@chicagotribune.com', 'Far', 'Hasselby'),
(240, 'rstutt6n@xinhuanet.com', 'Roda', 'Stutt'),
(241, 'aeate6o@newyorker.com', 'Alidia', 'Eate'),
(242, 'fgodley6p@addthis.com', 'Farrel', 'Godley'),
(243, 'tarnatt6q@scientificamerican.com', 'Tootsie', 'Arnatt'),
(244, 'ffaers6r@blinklist.com', 'Franklyn', 'Faers'),
(245, 'egossop6s@wix.com', 'Emlyn', 'Gossop'),
(246, 'jpendall6t@ameblo.jp', 'Janenna', 'Pendall'),
(247, 'eambrose6u@bigcartel.com', 'Else', 'Ambrose'),
(248, 'rdriutti6v@drupal.org', 'Romola', 'Driutti'),
(249, 'czaple6w@networkadvertising.org', 'Cecilla', 'Zaple'),
(250, 'omacgilpatrick6x@economist.com', 'Otes', 'MacGilpatrick')
SET IDENTITY_INSERT tblCustomer OFF;



insert into tblCustomerMetrics (CustomerID, WeightInLbs, HeightInInches, WeighInDate) values
(1, 107, 65, '09/02/2017'),
(1, 102, 65, '02/22/2018'),
(1, 115, 65, '11/12/2017'),
(1, 109, 65, '09/02/2017'),
(1, 117, 65, '01/06/2018'),
(1, 105, 65, '07/10/2017'),
(1, 120, 65, '03/31/2018'),
(1, 109, 65, '07/31/2017'),
(1, 108, 65, '07/27/2017'),
(1, 118, 65, '04/19/2018'),
(1, 106, 65, '04/20/2018'),
(1, 112, 65, '11/13/2017'),	
(2, 218, 72, '06/02/2017'),
(2, 243, 72, '06/22/2017'),
(2, 206, 72, '01/22/2018'),
(2, 235, 72, '02/05/2018'),
(2, 241, 72, '10/30/2017'),
(2, 200, 72, '12/25/2017'),
(2, 229, 72, '12/29/2017'),
(2, 235, 72, '08/18/2017'),
(2, 246, 72, '05/21/2017'),
(2, 215, 72, '07/29/2017'),
(2, 207, 72, '06/03/2017'),
(2, 224, 72, '07/13/2017'),	
(3, 157, 68, '10/08/2017'),
(3, 156, 68, '12/14/2017'),
(3, 154, 68, '12/22/2017'),
(3, 153, 68, '02/06/2018'),
(3, 158, 68, '03/02/2018'),
(3, 156, 68, '01/23/2018'),
(3, 159, 68, '02/27/2018'),
(3, 155, 68, '02/27/2018'),
(3, 150, 68, '03/03/2018'),
(3, 159, 68, '10/22/2017'),
(3, 150, 68, '06/16/2017'),
(3, 163, 68, '06/20/2017'),	
 (3, 166, 70, '01/30/2018'),
 (3, 152, 70, '04/29/2017'),
 (3, 172, 70, '07/10/2017'),
 (3, 175, 70, '12/14/2017'),
 (3, 156, 70, '07/25/2017'),
 (3, 155, 70, '08/31/2017'),
 (3, 168, 70, '09/18/2017'),
 (3, 174, 70, '01/06/2018'),
 (3, 155, 70, '06/30/2017'),
 (3, 155, 70, '07/16/2017'),
 (3, 157, 70, '12/27/2017'),
 (3, 180, 70, '05/07/2017'),		  
 (4, 124, 54, '08/01/2017'),
 (4, 126, 54, '02/08/2018'),
 (4, 140, 54, '01/12/2018'),
 (4, 129, 54, '12/24/2017'),
 (4, 137, 54, '08/27/2017'),
 (4, 132, 54, '06/05/2017'),
 (4, 138, 54, '12/20/2017'),
 (4, 136, 54, '05/10/2017'),
 (4, 136, 54, '08/07/2017'),
 (4, 140, 54, '03/31/2018'),
 (4, 139, 54, '08/09/2017'),
 (4, 127, 54, '08/27/2017'),							
 (5, 128, 56, '12/21/2017'),
 (5, 133, 56, '01/17/2018'),
 (5, 134, 56, '04/02/2018'),
 (5, 124, 56, '04/08/2018'),
 (5, 127, 56, '10/24/2017'),
 (5, 132, 56, '10/17/2017'),
 (5, 135, 56, '03/06/2018'),
 (5, 138, 56, '02/14/2018'),
 (5, 133, 56, '08/29/2017'),
 (5, 138, 56, '01/22/2018'),
 (5, 124, 56, '11/06/2017'),
 (5, 137, 56, '04/21/2018'),
 (10, 124, 58, '09/13/2017'),
 (10, 133, 58, '11/03/2017'),
 (10, 146, 58, '05/25/2017'),
 (10, 138, 58, '01/27/2018'),
 (10, 151, 58, '07/09/2017'),
 (10, 139, 58, '11/09/2017'),
 (10, 144, 58, '10/09/2017'),
 (10, 121, 58, '12/07/2017'),
 (10, 158, 58, '09/22/2017'),
 (10, 149, 58, '10/20/2017'),
 (10, 150, 58, '10/19/2017'),
 (10, 150, 58, '12/21/2017'),
 (15, 134, 59, '07/01/2017'),
 (16, 160, 59, '11/05/2017'),
 (25, 140, 59, '12/21/2017'),
 (15, 153, 59, '06/22/2017'),
 (22, 146, 59, '05/02/2017'),
 (21, 136, 59, '10/04/2017'),
 (25, 152, 59, '11/22/2017'),
 (15, 122, 59, '04/21/2018'),
 (20, 150, 59, '01/12/2018'),
 (17, 153, 59, '01/11/2018'),
 (25, 141, 59, '10/05/2017'),
 (20, 126, 59, '02/14/2018'),
 (21, 145, 59, '06/02/2017'),
 (20, 147, 59, '02/25/2018'),
 (23, 154, 59, '04/15/2018'),
 (18, 153, 59, '12/02/2017'),
 (15, 122, 59, '01/16/2018'),
 (25, 122, 59, '02/16/2018'),
 (21, 142, 59, '12/09/2017'),
 (22, 146, 59, '01/18/2018'),
 (25, 149, 59, '01/08/2018'),
 (19, 127, 59, '01/06/2018'),
 (20, 147, 59, '07/07/2017'),
 (19, 122, 59, '04/01/2018'),
 (24, 128, 59, '07/04/2017'),
 (22, 149, 59, '01/27/2018'),
 (24, 145, 59, '12/27/2017'),
 (16, 151, 59, '04/17/2018'),
 (17, 141, 59, '06/12/2017'),
 (21, 160, 59, '01/27/2018'),
 (20, 148, 59, '06/18/2017'),
 (20, 157, 59, '05/02/2017'),
 (16, 129, 59, '11/26/2017'),
 (18, 137, 59, '05/18/2017'),
 (24, 127, 59, '01/24/2018'),
 (16, 139, 59, '10/04/2017'),
 (17, 141, 59, '04/21/2018'),
 (20, 144, 59, '04/02/2018'),
 (24, 143, 59, '11/03/2017'),
 (23, 149, 59, '02/08/2018'),
 (15, 122, 59, '12/05/2017'),
 (15, 130, 59, '06/20/2017'),
 (22, 159, 59, '09/16/2017'),
 (24, 123, 59, '07/04/2017'),
 (23, 159, 59, '06/10/2017'),
 (24, 137, 59, '05/31/2017'),
 (25, 158, 59, '09/26/2017'),
 (15, 153, 59, '12/30/2017'),
 (24, 122, 59, '11/23/2017'),
 (22, 140, 59, '02/20/2018'),
 (17, 135, 59, '04/13/2018'),
 (21, 145, 59, '02/05/2018'),
 (17, 139, 59, '08/24/2017'),
 (20, 147, 59, '08/03/2017'),
 (16, 135, 59, '10/16/2017'),
 (21, 156, 59, '10/29/2017'),
 (19, 133, 59, '07/01/2017'),
 (15, 155, 59, '04/29/2017'),
 (21, 140, 59, '06/24/2017'),
 (17, 125, 59, '01/09/2018'),
 (18, 121, 59, '08/02/2017'),
 (24, 126, 59, '07/30/2017'),
 (15, 158, 59, '08/20/2017'),
 (16, 137, 59, '02/07/2018'),
 (24, 151, 59, '12/20/2017'),
 (23, 144, 59, '08/26/2017'),
 (23, 132, 59, '04/20/2018'),
 (23, 138, 59, '08/04/2017'),
 (24, 126, 59, '08/11/2017'),
 (15, 124, 59, '12/16/2017'),
 (16, 154, 59, '08/19/2017'),
 (20, 140, 59, '02/28/2018'),
 (23, 158, 59, '12/06/2017'),
 (15, 151, 59, '09/27/2017'),
 (24, 151, 59, '05/03/2017'),
 (19, 139, 59, '09/26/2017'),
 (25, 126, 59, '06/17/2017'),
 (23, 153, 59, '08/03/2017'),
 (20, 159, 59, '06/04/2017'),
 (23, 152, 59, '07/01/2017'),
 (18, 132, 59, '03/03/2018'),
 (19, 121, 59, '01/31/2018'),
 (18, 145, 59, '10/09/2017'),
 (22, 153, 59, '06/15/2017'),
 (20, 137, 59, '07/06/2017'),
 (21, 144, 59, '11/15/2017'),
 (18, 159, 59, '09/21/2017'),
 (22, 141, 59, '03/14/2018'),
 (15, 153, 59, '12/01/2017'),
 (15, 149, 59, '06/26/2017'),
 (22, 124, 59, '03/07/2018'),
 (16, 148, 59, '11/30/2017'),
 (21, 158, 59, '11/27/2017'),
 (19, 145, 59, '09/20/2017'),
 (17, 125, 59, '08/11/2017'),
 (17, 135, 59, '01/13/2018'),
 (17, 154, 59, '01/08/2018'),
 (18, 144, 59, '07/07/2017'),
 (21, 148, 59, '09/11/2017'),
 (15, 144, 59, '07/16/2017'),
 (27, 196, 62, '03/08/2018'),
 (33, 188, 62, '06/13/2017'),
 (42, 179, 62, '03/28/2018'),
 (31, 161, 62, '11/26/2017'),
 (45, 196, 62, '09/17/2017'),
 (39, 161, 62, '09/26/2017'),
 (29, 191, 62, '05/25/2017'),
 (29, 156, 62, '11/30/2017'),
 (34, 171, 62, '05/15/2017'),
 (33, 190, 62, '03/15/2018'),
 (32, 158, 62, '11/21/2017'),
 (35, 169, 62, '09/16/2017'),
 (27, 144, 62, '11/02/2017'),
 (26, 181, 62, '04/01/2018'),
 (42, 166, 62, '09/11/2017'),
 (43, 196, 62, '09/17/2017'),
 (28, 172, 62, '01/26/2018'),
 (40, 184, 62, '07/17/2017'),
 (26, 184, 62, '05/31/2017'),
 (36, 143, 62, '01/04/2018'),
 (30, 196, 62, '11/19/2017'),
 (33, 179, 62, '11/23/2017'),
 (39, 150, 62, '03/05/2018'),
 (44, 150, 62, '12/21/2017'),
 (43, 143, 62, '03/30/2018'),
 (29, 190, 62, '01/03/2018'),
 (39, 149, 62, '07/13/2017'),
 (41, 156, 62, '10/11/2017'),
 (31, 186, 62, '03/12/2018'),
 (42, 178, 62, '06/15/2017'),
 (39, 156, 62, '07/30/2017'),
 (37, 159, 62, '02/22/2018'),
 (36, 168, 62, '07/28/2017'),
 (29, 195, 62, '01/10/2018'),
 (29, 162, 62, '10/31/2017'),
 (45, 193, 62, '03/14/2018'),
 (45, 192, 62, '03/30/2018'),
 (43, 196, 62, '05/18/2017'),
 (31, 145, 62, '09/11/2017'),
 (45, 189, 62, '03/09/2018'),
 (37, 156, 62, '07/01/2017'),
 (27, 146, 62, '02/14/2018'),
 (37, 181, 62, '01/23/2018'),
 (40, 199, 62, '05/19/2017'),
 (27, 144, 62, '09/13/2017'),
 (45, 148, 62, '12/12/2017'),
 (37, 145, 62, '12/17/2017'),
 (28, 197, 62, '05/10/2017'),
 (36, 148, 62, '02/16/2018'),
 (30, 181, 62, '04/25/2018'),
 (42, 144, 62, '10/10/2017'),
 (26, 165, 62, '05/04/2017'),
 (30, 192, 62, '09/24/2017'),
 (26, 197, 62, '02/24/2018'),
 (27, 177, 62, '10/16/2017'),
 (32, 191, 62, '06/29/2017'),
 (38, 193, 62, '08/27/2017'),
 (28, 169, 62, '04/29/2017'),
 (41, 183, 62, '05/07/2017'),
 (26, 148, 62, '08/30/2017'),
 (45, 155, 62, '09/18/2017'),
 (35, 194, 62, '12/17/2017'),
 (38, 183, 62, '01/30/2018'),
 (40, 154, 62, '01/01/2018'),
 (37, 181, 62, '04/12/2018'),
 (33, 152, 62, '09/24/2017'),
 (42, 167, 62, '11/13/2017'),
 (34, 191, 62, '04/08/2018'),
 (42, 165, 62, '06/10/2017'),
 (44, 189, 62, '07/11/2017'),
 (37, 150, 62, '07/25/2017'),
 (39, 181, 62, '05/23/2017'),
 (40, 152, 62, '12/15/2017'),
 (42, 152, 62, '03/23/2018'),
 (28, 192, 62, '03/24/2018'),
 (43, 190, 62, '10/02/2017'),
 (29, 182, 62, '05/28/2017'),
 (31, 192, 62, '05/28/2017'),
 (35, 194, 62, '12/15/2017'),
 (29, 196, 62, '08/15/2017'),
 (36, 171, 62, '12/12/2017'),
 (44, 148, 62, '11/20/2017'),
 (37, 181, 62, '04/12/2018'),
 (26, 144, 62, '12/10/2017'),
 (38, 176, 62, '11/17/2017'),
 (30, 184, 62, '09/06/2017'),
 (37, 169, 62, '07/24/2017'),
 (35, 169, 62, '08/20/2017'),
 (39, 152, 62, '05/20/2017'),
 (31, 188, 62, '06/08/2017'),
 (44, 195, 62, '09/12/2017'),
 (37, 187, 62, '11/21/2017'),
 (43, 152, 62, '10/01/2017'),
 (30, 183, 62, '02/24/2018'),
 (43, 176, 62, '03/28/2018'),
 (44, 145, 62, '03/18/2018'),
 (38, 192, 62, '08/24/2017'),
 (35, 142, 62, '02/16/2018'),
 (43, 182, 62, '01/10/2018'),
 (29, 188, 62, '08/22/2017'),
 (68, 220, 60, '10/08/2017'),
 (62, 231, 60, '01/23/2018'),
 (69, 204, 60, '03/13/2018'),
 (48, 244, 60, '06/29/2017'),
 (64, 213, 60, '10/23/2017'),
 (67, 226, 60, '06/13/2017'),
 (50, 224, 60, '01/04/2018'),
 (66, 249, 60, '12/20/2017'),
 (53, 228, 60, '08/23/2017'),
 (54, 228, 60, '04/05/2018'),
 (51, 210, 60, '10/30/2017'),
 (63, 234, 60, '10/23/2017'),
 (62, 247, 60, '05/05/2017'),
 (47, 233, 60, '10/12/2017'),
 (65, 200, 60, '09/10/2017'),
 (61, 219, 60, '11/03/2017'),
 (61, 239, 60, '11/21/2017'),
 (72, 226, 60, '01/29/2018'),
 (67, 245, 60, '08/28/2017'),
 (74, 242, 60, '02/28/2018'),
 (71, 216, 60, '01/07/2018'),
 (73, 248, 60, '08/11/2017'),
 (64, 229, 60, '03/08/2018'),
 (53, 212, 60, '01/17/2018'),
 (46, 250, 60, '08/04/2017'),
 (52, 225, 60, '11/29/2017'),
 (55, 246, 60, '05/30/2017'),
 (54, 204, 60, '01/31/2018'),
 (56, 202, 60, '08/03/2017'),
 (69, 227, 60, '11/23/2017'),
 (74, 242, 60, '05/16/2017'),
 (71, 217, 60, '01/11/2018'),
 (53, 226, 60, '03/11/2018'),
 (74, 206, 60, '10/19/2017'),
 (74, 202, 60, '01/02/2018'),
 (52, 217, 60, '12/31/2017'),
 (72, 237, 60, '12/19/2017'),
 (60, 219, 60, '08/11/2017'),
 (64, 234, 60, '02/27/2018'),
 (50, 234, 60, '06/10/2017'),
 (74, 241, 60, '07/28/2017'),
 (62, 238, 60, '04/21/2018'),
 (49, 228, 60, '12/31/2017'),
 (73, 228, 60, '03/17/2018'),
 (58, 237, 60, '12/08/2017'),
 (60, 204, 60, '10/06/2017'),
 (49, 217, 60, '06/13/2017'),
 (61, 209, 60, '12/11/2017'),
 (60, 226, 60, '11/07/2017'),
 (69, 232, 60, '10/14/2017'),
 (66, 231, 60, '07/22/2017'),
 (51, 240, 60, '04/28/2017'),
 (71, 237, 60, '06/17/2017'),
 (65, 233, 60, '05/06/2017'),
 (58, 202, 60, '09/14/2017'),
 (50, 249, 60, '01/27/2018'),
 (63, 239, 60, '12/04/2017'),
 (75, 221, 60, '04/15/2018'),
 (61, 224, 60, '07/30/2017'),
 (53, 236, 60, '11/13/2017'),
 (73, 247, 60, '03/17/2018'),
 (64, 248, 60, '10/27/2017'),
 (53, 208, 60, '05/22/2017'),
 (72, 218, 60, '11/20/2017'),
 (48, 219, 60, '01/23/2018'),
 (55, 225, 60, '04/01/2018'),
 (57, 239, 60, '08/21/2017'),
 (60, 228, 60, '10/06/2017'),
 (51, 204, 60, '03/28/2018'),
 (62, 215, 60, '05/13/2017'),
 (52, 237, 60, '08/14/2017'),
 (53, 232, 60, '01/11/2018'),
 (75, 202, 60, '04/20/2018'),
 (55, 210, 60, '05/22/2017'),
 (62, 233, 60, '11/27/2017'),
 (68, 226, 60, '11/24/2017'),
 (58, 242, 60, '07/08/2017'),
 (59, 210, 60, '06/05/2017'),
 (67, 225, 60, '08/19/2017'),
 (53, 242, 60, '04/09/2018'),
 (54, 211, 60, '08/10/2017'),
 (49, 212, 60, '10/23/2017'),
 (56, 209, 60, '08/05/2017'),
 (73, 219, 60, '12/21/2017'),
 (73, 206, 60, '01/22/2018'),
 (68, 203, 60, '12/28/2017'),
 (50, 216, 60, '07/02/2017'),
 (51, 221, 60, '01/28/2018'),
 (54, 216, 60, '07/07/2017'),
 (71, 242, 60, '10/03/2017'),
 (68, 202, 60, '07/19/2017'),
 (51, 214, 60, '06/08/2017'),
 (66, 200, 60, '03/28/2018'),
 (58, 229, 60, '04/07/2018'),
 (52, 223, 60, '06/11/2017'),
 (55, 223, 60, '12/03/2017'),
 (47, 216, 60, '02/28/2018'),
 (55, 200, 60, '02/14/2018'),
 (58, 211, 60, '07/16/2017'),
 (66, 202, 60, '12/02/2017'),
 (89, 128, 54, '01/30/2018'),
 (80, 112, 54, '02/09/2018'),
 (78, 119, 54, '06/25/2017'),
 (87, 115, 54, '02/21/2018'),
 (80, 125, 54, '08/09/2017'),
 (87, 105, 54, '03/21/2018'),
 (79, 107, 54, '07/26/2017'),
 (90, 111, 54, '09/25/2017'),
 (93, 112, 54, '11/14/2017'),
 (100, 122, 54, '06/09/2017'),
 (85, 121, 54, '06/20/2017'),
 (84, 114, 54, '09/14/2017'),
 (89, 129, 54, '03/02/2018'),
 (87, 101, 54, '11/21/2017'),
 (80, 110, 54, '12/30/2017'),
 (86, 106, 54, '04/13/2018'),
 (99, 106, 54, '03/05/2018'),
 (79, 128, 54, '11/13/2017'),
 (81, 115, 54, '05/16/2017'),
 (82, 125, 54, '08/28/2017'),
 (98, 104, 54, '05/03/2017'),
 (98, 124, 54, '09/24/2017'),
 (80, 116, 54, '10/02/2017'),
 (93, 111, 54, '01/07/2018'),
 (85, 104, 54, '08/08/2017'),
 (88, 115, 54, '07/28/2017'),
 (84, 101, 54, '09/24/2017'),
 (87, 122, 54, '09/19/2017'),
 (90, 107, 54, '03/22/2018'),
 (79, 109, 54, '04/16/2018'),
 (93, 116, 54, '11/09/2017'),
 (85, 122, 54, '11/03/2017'),
 (84, 117, 54, '08/18/2017'),
 (90, 106, 54, '07/10/2017'),
 (80, 123, 54, '10/28/2017'),
 (98, 126, 54, '04/04/2018'),
 (93, 104, 54, '05/23/2017'),
 (92, 110, 54, '02/07/2018'),
 (80, 126, 54, '11/30/2017'),
 (86, 125, 54, '10/07/2017'),
 (87, 118, 54, '04/01/2018'),
 (77, 119, 54, '07/01/2017'),
 (81, 123, 54, '09/19/2017'),
 (99, 112, 54, '01/10/2018'),
 (83, 126, 54, '06/06/2017'),
 (87, 127, 54, '11/17/2017'),
 (85, 122, 54, '02/20/2018'),
 (99, 101, 54, '10/11/2017'),
 (96, 101, 54, '07/09/2017'),
 (85, 107, 54, '05/20/2017'),
 (79, 127, 54, '05/21/2017'),
 (85, 130, 54, '03/29/2018'),
 (79, 114, 54, '05/02/2017'),
 (88, 108, 54, '10/05/2017'),
 (82, 121, 54, '06/22/2017'),
 (98, 117, 54, '11/15/2017'),
 (83, 126, 54, '10/05/2017'),
 (87, 101, 54, '01/16/2018'),
 (87, 101, 54, '08/16/2017'),
 (81, 127, 54, '02/19/2018'),
 (84, 114, 54, '06/02/2017'),
 (76, 107, 54, '08/11/2017'),
 (100, 116, 54, '10/07/2017'),
 (83, 127, 54, '09/11/2017'),
 (93, 106, 54, '08/23/2017'),
 (78, 113, 54, '08/29/2017'),
 (93, 115, 54, '03/13/2018'),
 (76, 125, 54, '12/27/2017'),
 (88, 101, 54, '08/05/2017'),
 (78, 107, 54, '03/23/2018'),
 (85, 127, 54, '03/29/2018'),
 (86, 100, 54, '07/11/2017'),
 (94, 112, 54, '03/26/2018'),
 (91, 109, 54, '04/07/2018'),
 (82, 107, 54, '08/25/2017'),
 (82, 107, 54, '11/05/2017'),
 (85, 110, 54, '06/11/2017'),
 (97, 113, 54, '12/10/2017'),
 (83, 113, 54, '09/25/2017'),
 (85, 124, 54, '03/21/2018'),
 (80, 105, 54, '12/27/2017'),
 (81, 104, 54, '11/01/2017'),
 (91, 106, 54, '08/14/2017'),
 (92, 123, 54, '12/26/2017'),
 (86, 111, 54, '06/10/2017'),
 (100, 128, 54, '02/09/2018'),
 (80, 130, 54, '12/27/2017'),
 (86, 110, 54, '05/13/2017'),
 (86, 125, 54, '01/13/2018'),
 (89, 118, 54, '01/20/2018'),
 (95, 117, 54, '08/03/2017'),
 (91, 105, 54, '06/10/2017'),
 (82, 122, 54, '04/02/2018'),
 (78, 105, 54, '04/18/2018'),
 (84, 107, 54, '09/10/2017'),
 (82, 117, 54, '12/16/2017'),
 (96, 124, 54, '08/18/2017'),
 (80, 101, 54, '11/11/2017'),
 (88, 128, 54, '12/07/2017'),
 (83, 103, 54, '02/08/2018'),
 (115, 146, 55, '09/14/2017'),
 (106, 149, 55, '12/24/2017'),
 (114, 138, 55, '09/24/2017'),
 (127, 150, 55, '11/09/2017'),
 (108, 150, 55, '11/21/2017'),
 (129, 146, 55, '03/26/2018'),
 (107, 147, 55, '06/17/2017'),
 (124, 139, 55, '04/29/2017'),
 (117, 135, 55, '08/04/2017'),
 (111, 140, 55, '01/11/2018'),
 (130, 138, 55, '06/06/2017'),
 (124, 144, 55, '08/03/2017'),
 (118, 139, 55, '08/19/2017'),
 (112, 139, 55, '05/03/2017'),
 (110, 142, 55, '12/03/2017'),
 (127, 146, 55, '09/04/2017'),
 (124, 145, 55, '09/16/2017'),
 (101, 150, 55, '03/11/2018'),
 (121, 144, 55, '12/19/2017'),
 (112, 135, 55, '10/10/2017'),
 (128, 135, 55, '10/03/2017'),
 (111, 139, 55, '11/02/2017'),
 (123, 148, 55, '02/22/2018'),
 (112, 140, 55, '01/17/2018'),
 (129, 150, 55, '05/11/2017'),
 (126, 136, 55, '11/07/2017'),
 (104, 140, 55, '10/12/2017'),
 (120, 149, 55, '08/14/2017'),
 (109, 139, 55, '11/25/2017'),
 (116, 137, 55, '11/07/2017'),
 (125, 146, 55, '05/27/2017'),
 (112, 142, 55, '04/01/2018'),
 (117, 140, 55, '05/06/2017'),
 (101, 142, 55, '01/07/2018'),
 (126, 144, 55, '02/20/2018'),
 (105, 142, 55, '02/11/2018'),
 (109, 135, 55, '09/22/2017'),
 (112, 137, 55, '05/30/2017'),
 (109, 145, 55, '06/04/2017'),
 (124, 145, 55, '11/10/2017'),
 (124, 136, 55, '04/09/2018'),
 (121, 141, 55, '07/11/2017'),
 (105, 136, 55, '08/18/2017'),
 (113, 147, 55, '12/06/2017'),
 (112, 138, 55, '04/26/2018'),
 (121, 148, 55, '05/24/2017'),
 (118, 142, 55, '06/13/2017'),
 (101, 138, 55, '05/20/2017'),
 (116, 144, 55, '03/03/2018'),
 (101, 142, 55, '07/27/2017'),
 (118, 136, 55, '09/11/2017'),
 (103, 143, 55, '10/30/2017'),
 (116, 145, 55, '12/16/2017'),
 (117, 144, 55, '07/01/2017'),
 (109, 136, 55, '08/25/2017'),
 (130, 150, 55, '01/07/2018'),
 (117, 150, 55, '09/25/2017'),
 (126, 147, 55, '08/24/2017'),
 (122, 135, 55, '01/14/2018'),
 (128, 138, 55, '01/21/2018'),
 (103, 142, 55, '02/17/2018'),
 (119, 145, 55, '06/06/2017'),
 (116, 140, 55, '11/05/2017'),
 (109, 136, 55, '06/16/2017'),
 (115, 145, 55, '07/21/2017'),
 (102, 143, 55, '04/19/2018'),
 (130, 135, 55, '03/09/2018'),
 (105, 149, 55, '05/01/2017'),
 (114, 143, 55, '04/19/2018'),
 (127, 137, 55, '11/16/2017'),
 (129, 136, 55, '05/04/2017'),
 (101, 142, 55, '03/22/2018'),
 (130, 150, 55, '01/25/2018'),
 (107, 143, 55, '04/29/2017'),
 (127, 149, 55, '04/18/2018'),
 (129, 141, 55, '06/14/2017'),
 (127, 146, 55, '08/09/2017'),
 (101, 137, 55, '08/05/2017'),
 (101, 144, 55, '11/06/2017'),
 (118, 144, 55, '02/07/2018'),
 (117, 139, 55, '08/22/2017'),
 (112, 137, 55, '10/25/2017'),
 (107, 138, 55, '06/08/2017'),
 (128, 149, 55, '08/13/2017'),
 (117, 143, 55, '04/03/2018'),
 (118, 145, 55, '01/20/2018'),
 (116, 141, 55, '03/21/2018'),
 (117, 148, 55, '09/15/2017'),
 (107, 135, 55, '04/25/2018'),
 (107, 138, 55, '07/22/2017'),
 (112, 143, 55, '11/03/2017'),
 (124, 144, 55, '05/27/2017'),
 (103, 149, 55, '02/09/2018'),
 (119, 139, 55, '09/14/2017'),
 (110, 143, 55, '09/16/2017'),
 (112, 139, 55, '10/13/2017'),
 (130, 149, 55, '09/11/2017'),
 (110, 147, 55, '02/11/2018'),
 (123, 138, 55, '07/16/2017'),
 (109, 137, 55, '01/07/2018'),
 (149, 177, 57, '12/04/2017'),
 (147, 161, 57, '09/11/2017'),
 (151, 141, 57, '04/19/2018'),
 (138, 174, 57, '03/10/2018'),
 (143, 167, 57, '10/16/2017'),
 (141, 178, 57, '05/02/2017'),
 (148, 145, 57, '03/24/2018'),
 (137, 177, 57, '11/03/2017'),
 (154, 147, 57, '08/19/2017'),
 (142, 167, 57, '09/17/2017'),
 (153, 157, 57, '03/25/2018'),
 (158, 142, 57, '10/31/2017'),
 (160, 179, 57, '10/26/2017'),
 (143, 160, 57, '04/24/2018'),
 (155, 151, 57, '09/22/2017'),
 (156, 175, 57, '04/03/2018'),
 (138, 168, 57, '06/03/2017'),
 (158, 160, 57, '01/28/2018'),
 (145, 168, 57, '11/05/2017'),
 (134, 171, 57, '11/03/2017'),
 (139, 165, 57, '06/04/2017'),
 (141, 151, 57, '09/25/2017'),
 (142, 162, 57, '04/07/2018'),
 (151, 162, 57, '04/19/2018'),
 (158, 146, 57, '01/01/2018'),
 (160, 144, 57, '10/29/2017'),
 (147, 174, 57, '05/20/2017'),
 (137, 148, 57, '04/02/2018'),
 (151, 169, 57, '11/21/2017'),
 (132, 164, 57, '10/09/2017'),
 (149, 145, 57, '03/27/2018'),
 (152, 160, 57, '02/15/2018'),
 (155, 164, 57, '06/28/2017'),
 (132, 179, 57, '11/15/2017'),
 (136, 144, 57, '04/23/2018'),
 (160, 165, 57, '03/01/2018'),
 (142, 177, 57, '06/07/2017'),
 (156, 167, 57, '08/12/2017'),
 (138, 166, 57, '09/01/2017'),
 (142, 169, 57, '04/14/2018'),
 (155, 143, 57, '06/13/2017'),
 (133, 147, 57, '01/28/2018'),
 (138, 167, 57, '08/19/2017'),
 (154, 148, 57, '04/12/2018'),
 (133, 166, 57, '10/25/2017'),
 (148, 179, 57, '11/17/2017'),
 (138, 178, 57, '08/28/2017'),
 (138, 167, 57, '01/28/2018'),
 (155, 140, 57, '10/15/2017'),
 (151, 147, 57, '05/13/2017'),
 (144, 148, 57, '01/17/2018'),
 (146, 179, 57, '06/29/2017'),
 (152, 150, 57, '03/17/2018'),
 (143, 178, 57, '07/09/2017'),
 (131, 162, 57, '06/30/2017'),
 (139, 142, 57, '01/12/2018'),
 (144, 179, 57, '05/07/2017'),
 (141, 168, 57, '01/20/2018'),
 (160, 174, 57, '03/05/2018'),
 (150, 175, 57, '11/29/2017'),
 (155, 160, 57, '02/14/2018'),
 (148, 157, 57, '06/07/2017'),
 (139, 171, 57, '02/24/2018'),
 (147, 170, 57, '06/15/2017'),
 (148, 158, 57, '10/06/2017'),
 (132, 141, 57, '07/06/2017'),
 (143, 173, 57, '07/07/2017'),
 (143, 146, 57, '11/26/2017'),
 (148, 140, 57, '12/12/2017'),
 (132, 156, 57, '09/06/2017'),
 (137, 162, 57, '05/14/2017'),
 (148, 179, 57, '09/24/2017'),
 (139, 147, 57, '03/27/2018'),
 (154, 145, 57, '06/25/2017'),
 (146, 151, 57, '11/06/2017'),
 (159, 175, 57, '06/27/2017'),
 (160, 163, 57, '04/05/2018'),
 (131, 156, 57, '07/30/2017'),
 (139, 146, 57, '04/28/2017'),
 (150, 169, 57, '02/21/2018'),
 (153, 173, 57, '09/30/2017'),
 (160, 156, 57, '08/07/2017'),
 (147, 151, 57, '11/03/2017'),
 (134, 180, 57, '06/19/2017'),
 (134, 140, 57, '06/21/2017'),
 (145, 164, 57, '03/20/2018'),
 (153, 178, 57, '04/22/2018'),
 (160, 176, 57, '02/19/2018'),
 (135, 153, 57, '09/02/2017'),
 (145, 153, 57, '03/04/2018'),
 (132, 162, 57, '03/05/2018'),
 (137, 166, 57, '06/11/2017'),
 (157, 162, 57, '11/06/2017'),
 (148, 165, 57, '05/10/2017'),
 (152, 155, 57, '02/09/2018'),
 (145, 155, 57, '11/07/2017'),
 (137, 168, 57, '08/27/2017'),
 (137, 149, 57, '12/14/2017'),
 (135, 177, 57, '02/10/2018'),
 (148, 163, 57, '11/30/2017'),
 (191, 155, 53, '01/17/2018'),
 (194, 153, 53, '09/16/2017'),
 (194, 149, 53, '09/16/2017'),
 (162, 157, 53, '11/03/2017'),
 (198, 132, 53, '05/01/2017'),
 (196, 144, 53, '03/14/2018'),
 (189, 143, 53, '07/01/2017'),
 (197, 157, 53, '01/15/2018'),
 (198, 158, 53, '03/06/2018'),
 (163, 153, 53, '04/07/2018'),
 (193, 145, 53, '06/27/2017'),
 (161, 156, 53, '11/17/2017'),
 (173, 162, 53, '06/08/2017'),
 (169, 155, 53, '12/08/2017'),
 (172, 139, 53, '11/05/2017'),
 (185, 145, 53, '04/01/2018'),
 (166, 162, 53, '04/04/2018'),
 (164, 141, 53, '05/12/2017'),
 (166, 133, 53, '06/24/2017'),
 (200, 141, 53, '05/03/2017'),
 (181, 147, 53, '06/27/2017'),
 (188, 143, 53, '09/18/2017'),
 (174, 154, 53, '06/14/2017'),
 (173, 158, 53, '12/23/2017'),
 (190, 157, 53, '12/01/2017'),
 (161, 140, 53, '02/14/2018'),
 (179, 161, 53, '09/17/2017'),
 (180, 151, 53, '09/13/2017'),
 (174, 133, 53, '06/05/2017'),
 (169, 152, 53, '04/02/2018'),
 (167, 141, 53, '07/13/2017'),
 (194, 148, 53, '01/19/2018'),
 (199, 147, 53, '10/31/2017'),
 (166, 144, 53, '12/05/2017'),
 (193, 160, 53, '06/14/2017'),
 (191, 144, 53, '08/09/2017'),
 (198, 158, 53, '01/18/2018'),
 (193, 132, 53, '05/10/2017'),
 (198, 161, 53, '07/03/2017'),
 (173, 134, 53, '01/21/2018'),
 (200, 163, 53, '06/02/2017'),
 (180, 164, 53, '05/27/2017'),
 (174, 144, 53, '10/13/2017'),
 (178, 141, 53, '09/21/2017'),
 (191, 146, 53, '06/25/2017'),
 (176, 151, 53, '04/01/2018'),
 (180, 137, 53, '07/18/2017'),
 (195, 156, 53, '11/02/2017'),
 (175, 132, 53, '06/09/2017'),
 (199, 158, 53, '10/07/2017'),
 (193, 158, 53, '07/30/2017'),
 (200, 136, 53, '04/11/2018'),
 (171, 156, 53, '07/31/2017'),
 (179, 146, 53, '05/09/2017'),
 (174, 155, 53, '08/09/2017'),
 (199, 136, 53, '10/06/2017'),
 (167, 164, 53, '08/24/2017'),
 (167, 145, 53, '05/14/2017'),
 (174, 151, 53, '09/20/2017'),
 (182, 133, 53, '08/10/2017'),
 (182, 151, 53, '09/17/2017'),
 (173, 132, 53, '02/07/2018'),
 (200, 134, 53, '05/26/2017'),
 (197, 137, 53, '11/28/2017'),
 (198, 146, 53, '03/10/2018'),
 (189, 147, 53, '01/20/2018'),
 (166, 141, 53, '03/13/2018'),
 (176, 150, 53, '05/28/2017'),
 (170, 134, 53, '09/30/2017'),
 (173, 149, 53, '06/01/2017'),
 (175, 151, 53, '10/31/2017'),
 (164, 145, 53, '10/30/2017'),
 (164, 163, 53, '05/30/2017'),
 (187, 155, 53, '12/16/2017'),
 (191, 153, 53, '02/18/2018'),
 (179, 133, 53, '06/09/2017'),
 (163, 153, 53, '02/14/2018'),
 (178, 159, 53, '02/26/2018'),
 (166, 137, 53, '09/27/2017'),
 (178, 143, 53, '05/26/2017'),
 (192, 157, 53, '06/26/2017'),
 (166, 156, 53, '03/30/2018'),
 (177, 155, 53, '05/22/2017'),
 (176, 153, 53, '07/28/2017'),
 (199, 140, 53, '03/10/2018'),
 (197, 158, 53, '05/10/2017'),
 (191, 133, 53, '02/05/2018'),
 (198, 151, 53, '04/07/2018'),
 (165, 136, 53, '11/05/2017'),
 (166, 151, 53, '03/11/2018'),
 (182, 133, 53, '05/16/2017'),
 (180, 136, 53, '02/02/2018'),
 (167, 137, 53, '08/17/2017'),
 (195, 139, 53, '03/03/2018'),
 (191, 159, 53, '03/15/2018'),
 (184, 138, 53, '10/03/2017'),
 (161, 163, 53, '02/09/2018'),
 (183, 153, 53, '08/31/2017'),
 (188, 148, 53, '08/21/2017'),
 (192, 143, 53, '04/11/2018'),
 (205, 151, 61, '07/26/2017'),
 (241, 173, 61, '01/30/2018'),
 (215, 153, 61, '04/29/2017'),
 (213, 163, 61, '06/22/2017'),
 (234, 171, 61, '09/12/2017'),
 (208, 172, 61, '02/05/2018'),
 (213, 151, 61, '01/23/2018'),
 (225, 169, 61, '01/25/2018'),
 (229, 164, 61, '09/19/2017'),
 (204, 151, 61, '02/25/2018'),
 (204, 159, 61, '06/08/2017'),
 (233, 164, 61, '01/07/2018'),
 (237, 154, 61, '03/25/2018'),
 (220, 164, 61, '07/22/2017'),
 (202, 159, 61, '02/16/2018'),
 (229, 152, 61, '09/30/2017'),
 (238, 157, 61, '07/09/2017'),
 (237, 161, 61, '01/17/2018'),
 (232, 159, 61, '07/01/2017'),
 (234, 174, 61, '10/29/2017'),
 (237, 169, 61, '08/24/2017'),
 (235, 160, 61, '02/16/2018'),
 (247, 174, 61, '01/23/2018'),
 (208, 168, 61, '08/06/2017'),
 (211, 152, 61, '07/29/2017'),
 (205, 155, 61, '03/19/2018'),
 (212, 152, 61, '03/23/2018'),
 (207, 151, 61, '03/28/2018'),
 (209, 156, 61, '05/02/2017'),
 (201, 167, 61, '10/21/2017'),
 (226, 169, 61, '05/19/2017'),
 (245, 162, 61, '10/08/2017'),
 (203, 156, 61, '07/15/2017'),
 (206, 165, 61, '07/24/2017'),
 (238, 169, 61, '09/16/2017'),
 (235, 165, 61, '07/16/2017'),
 (223, 164, 61, '08/14/2017'),
 (208, 162, 61, '09/01/2017'),
 (226, 156, 61, '08/26/2017'),
 (246, 164, 61, '12/15/2017'),
 (227, 152, 61, '07/15/2017'),
 (210, 158, 61, '04/28/2017'),
 (232, 161, 61, '10/30/2017'),
 (246, 158, 61, '01/22/2018'),
 (219, 160, 61, '05/21/2017'),
 (240, 169, 61, '12/25/2017'),
 (216, 151, 61, '11/20/2017'),
 (234, 160, 61, '12/19/2017'),
 (243, 174, 61, '06/02/2017'),
 (248, 165, 61, '07/09/2017'),
 (236, 162, 61, '09/17/2017'),
 (228, 159, 61, '04/28/2017'),
 (241, 163, 61, '01/02/2018'),
 (203, 160, 61, '04/13/2018'),
 (223, 162, 61, '12/29/2017'),
 (238, 152, 61, '04/04/2018'),
 (222, 161, 61, '04/23/2018'),
 (209, 156, 61, '06/22/2017'),
 (217, 158, 61, '08/29/2017'),
 (250, 169, 61, '07/16/2017'),
 (206, 152, 61, '01/20/2018'),
 (235, 165, 61, '03/02/2018'),
 (231, 162, 61, '08/11/2017'),
 (209, 158, 61, '02/16/2018'),
 (233, 164, 61, '08/19/2017'),
 (212, 164, 61, '07/27/2017'),
 (211, 153, 61, '04/27/2018'),
 (246, 168, 61, '08/08/2017'),
 (212, 167, 61, '03/30/2018'),
 (240, 162, 61, '12/09/2017'),
 (229, 173, 61, '01/29/2018'),
 (200, 173, 61, '03/03/2018'),
 (225, 166, 61, '06/23/2017'),
 (207, 162, 61, '05/16/2017'),
 (214, 152, 61, '03/02/2018'),
 (223, 156, 61, '10/22/2017'),
 (242, 173, 61, '08/13/2017'),
 (219, 168, 61, '07/12/2017'),
 (246, 175, 61, '12/04/2017'),
 (243, 171, 61, '07/26/2017'),
 (237, 168, 61, '09/16/2017'),
 (218, 175, 61, '07/10/2017'),
 (249, 157, 61, '08/25/2017'),
 (200, 160, 61, '01/23/2018'),
 (221, 164, 61, '04/04/2018'),
 (234, 150, 61, '09/14/2017'),
 (236, 175, 61, '04/15/2018'),
 (244, 170, 61, '02/03/2018'),
 (213, 169, 61, '11/14/2017'),
 (200, 152, 61, '12/03/2017'),
 (250, 154, 61, '10/08/2017'),
 (235, 152, 61, '12/10/2017'),
 (206, 162, 61, '11/17/2017'),
 (223, 160, 61, '02/04/2018'),
 (250, 167, 61, '06/11/2017'),
 (229, 167, 61, '12/16/2017'),
 (220, 159, 61, '11/01/2017'),
 (223, 172, 61, '08/04/2017'),
 (217, 153, 61, '03/22/2018'),
 (231, 150, 61, '05/06/2017'),
 (219, 158, 61, '07/16/2017'),
 (238, 162, 61, '05/27/2017'),
 (215, 157, 61, '08/01/2017'),
 (215, 172, 61, '12/28/2017'),
 (218, 164, 61, '04/19/2018'),
 (236, 174, 61, '01/04/2018'),
 (223, 173, 61, '06/09/2017'),
 (215, 169, 61, '03/13/2018'),
 (232, 175, 61, '03/16/2018'),
 (248, 170, 61, '01/13/2018'),
 (229, 161, 61, '04/19/2018'),
 (228, 165, 61, '08/20/2017'),
 (228, 153, 61, '05/10/2017'),
 (203, 150, 61, '11/11/2017'),
 (222, 173, 61, '02/07/2018'),
 (232, 159, 61, '07/16/2017'),
 (225, 155, 61, '11/09/2017'),
 (244, 155, 61, '07/06/2017'),
 (209, 163, 61, '07/13/2017'),
 (230, 156, 61, '02/06/2018'),
 (243, 158, 61, '11/23/2017'),
 (219, 175, 61, '01/20/2018'),
 (242, 172, 61, '08/14/2017'),
 (235, 159, 61, '05/17/2017'),
 (201, 175, 61, '03/22/2018'),
 (221, 162, 61, '01/12/2018'),
 (200, 160, 61, '11/11/2017'),
 (224, 157, 61, '10/27/2017'),
 (243, 157, 61, '07/07/2017'),
 (250, 158, 61, '08/07/2017'),
 (220, 150, 61, '03/26/2018'),
 (220, 152, 61, '05/12/2017'),
 (211, 173, 61, '03/26/2018'),
 (220, 159, 61, '03/21/2018'),
 (200, 173, 61, '11/23/2017'),
 (203, 171, 61, '08/31/2017'),
 (237, 165, 61, '08/27/2017'),
 (216, 155, 61, '08/07/2017'),
 (220, 169, 61, '02/13/2018'),
 (209, 167, 61, '07/03/2017'),
 (237, 156, 61, '01/13/2018'),
 (206, 151, 61, '10/04/2017'),
 (214, 172, 61, '10/29/2017'),
 (220, 158, 61, '03/06/2018'),
 (222, 154, 61, '05/20/2017'),
 (240, 159, 61, '04/01/2018'),
 (222, 165, 61, '07/17/2017'),
 (229, 164, 61, '03/14/2018'),
 (248, 155, 61, '11/18/2017'),
 (248, 158, 61, '08/27/2017'),
 (203, 173, 61, '05/01/2017'),
 (204, 156, 61, '04/17/2018'),
 (205, 172, 61, '03/26/2018'),
 (246, 173, 61, '06/18/2017'),
 (231, 169, 61, '12/21/2017'),
 (202, 163, 61, '01/11/2018'),
 (225, 161, 61, '11/05/2017'),
 (248, 171, 61, '05/03/2017'),
 (232, 168, 61, '11/30/2017'),
 (207, 156, 61, '07/08/2017'),
 (236, 154, 61, '11/07/2017'),
 (228, 175, 61, '10/10/2017'),
 (216, 161, 61, '01/04/2018'),
 (247, 166, 61, '06/16/2017'),
 (217, 150, 61, '06/08/2017'),
 (225, 160, 61, '03/04/2018'),
 (218, 166, 61, '04/30/2017'),
 (234, 151, 61, '11/04/2017'),
 (238, 169, 61, '08/14/2017'),
 (246, 153, 61, '09/01/2017'),
 (201, 166, 61, '05/13/2017'),
 (238, 154, 61, '02/24/2018'),
 (242, 167, 61, '04/06/2018'),
 (242, 168, 61, '08/04/2017'),
 (211, 152, 61, '06/11/2017'),
 (221, 154, 61, '04/09/2018'),
 (227, 173, 61, '11/29/2017'),
 (224, 159, 61, '01/20/2018'),
 (227, 163, 61, '10/24/2017'),
 (249, 161, 61, '08/28/2017'),
 (247, 167, 61, '02/02/2018'),
 (202, 161, 61, '09/11/2017'),
 (213, 155, 61, '11/24/2017'),
 (234, 166, 61, '07/17/2017'),
 (233, 153, 61, '11/05/2017'),
 (208, 154, 61, '04/27/2018'),
 (240, 157, 61, '06/26/2017'),
 (239, 157, 61, '07/21/2017'),
 (206, 165, 61, '06/23/2017'),
 (237, 165, 61, '05/30/2017'),
 (233, 157, 61, '02/15/2018'),
 (226, 155, 61, '01/26/2018'),
 (212, 160, 61, '01/28/2018'),
 (220, 173, 61, '12/22/2017'),
 (229, 171, 61, '03/20/2018'),
 (228, 169, 61, '08/09/2017'),
 (223, 163, 61, '05/31/2017'),
 (228, 161, 61, '01/10/2018'),
 (239, 155, 61, '06/01/2017'),
 (208, 151, 61, '03/10/2018')								


SET IDENTITY_INSERT tblInstructor ON;
insert into tblInstructor (InstructorID, EmailAddress, FirstName, LastName) values
 (1, 'scauser0@amazon.de', 'Sisile', 'Causer'),
 (2, 'scruickshanks1@behance.net', 'Sandra', 'Cruickshanks'),
 (3, 'esmissen2@cocolog-nifty.com', 'Emma', 'Smissen'),
 (4, 'tstefi3@cloudflare.com', 'Travis', 'Stefi'),
 (5, 'btomalin4@ocn.ne.jp', 'Britteny', 'Tomalin'),
 (6, 'gbartul5@so-net.ne.jp', 'Goober', 'Bartul'),
 (7, 'tpurviss6@usnews.com', 'Tyler', 'Purviss'),
 (8, 'ffowlestone7@g.co', 'Florenza', 'Fowlestone'),
 (9, 'twemm8@php.net', 'Torey', 'Wemm'),
 (10, 'lwheway9@hubpages.com', 'Leandra', 'Wheway')
SET IDENTITY_INSERT tblInstructor OFF;

SET IDENTITY_INSERT tblLevel ON;
insert into tblLevel(LevelID, LevelName) values 
(1, 'Beginner'),
(2, 'Intermediate'),
(3, 'Advanced')
SET IDENTITY_INSERT tblLevel OFF;


SET IDENTITY_INSERT tblClassFocus ON;
insert into tblClassFocus(ClassFocusID, ClassFocusName) values 
(1, 'Lower Body'),
(2, 'Core'),
(3, 'Upper Body'),
(4, 'Full Body')
SET IDENTITY_INSERT tblClassFocus OFF;


SET IDENTITY_INSERT tblClass ON;
insert into tblClass (ClassID, ClassName, ClassStudio, InstructorID, ClassDOW, ClassTime, LevelID, ClassFocusID) values
(1, 'Zumba',			 'A', 1,  'M', '8:00pm', 1, 4),
(2, 'Zumba',			 'B', 2,  'T', '8:00pm', 2, 4),
(3, 'Zumba',             'B', 1,  'R', '8:00pm', 3, 4),
(4, 'Cardio-Kickboxing', 'A', 3,  'W', '8:00pm', 1, 4),
(5, 'Cardio-Kickboxing', 'B', 3,  'T', '7:00pm', 2, 4),
(6, 'Cardio-Kickboxing', 'B', 4,  'F', '7:00pm', 3, 4),
(7, 'Circuit Fusion',	 'B', 4,  'M', '7:00pm', 1, 4),
(8, 'Circuit Fusion',	 'B', 5,  'W', '7:00pm', 2, 4),
(9, 'Circuit Fusion',	 'A', 6,  'R', '7:00pm', 3, 4),
(10, 'Sculpt & Tone',	 'A', 4,  'M', '5:00pm', 1, 3),
(11, 'Sculpt & Tone',	 'A', 5,  'W', '5:00pm', 2, 3),
(12, 'Sculpt & Tone',	 'B', 7,  'R', '5:00pm', 3, 3),
(13, 'Spin',			 'A', 10, 'M', '7:00am', 1, 1),
(14, 'Spin',	         'A', 10, 'W', '7:00am', 2, 1),
(15, 'Spin',	         'A', 10, 'S', '10:00am', 3, 1),
(16, 'Spin',      		 'A', 8,  'T', '7:00am', 1, 1),
(17, 'Spin',             'A', 8,  'R', '8:00am', 2, 1),
(18, 'Spin',             'A', 10, 'F', '10:00am', 3, 1),
(19, 'Hot Power Fusion Yoga',			  'B', 9, 'M', '7:00am', 2, 4),
(20, 'Hot Power Fusion Yoga',	          'B', 9, 'M', '9:00am', 2, 4),
(21, 'Hot Power Fusion Yoga',	          'A', 9, 'S', '8:00am', 3, 4),
(22, 'Hot Power Fusion Yoga',      		  'B', 9,  'R', '10:00am', 2, 4),
(23, 'Hot Power Fusion Yoga',             'B', 9,  'F', '7:00am', 2, 4),
(24, 'Hot Power Fusion Yoga',             'A', 9, 'T', '5:00pm', 3, 4),
(25, 'Vinyasa Yoga',     'A', 6,  'M', '10:00am', 1, 4),
(26, 'Vinyasa Yoga',     'A', 2,  'R', '10:00am', 2, 4),
(27, 'Vinyasa Yoga',     'B', 2,  'S', '11:00am', 3, 4),
(28, 'Barre',		     'B', 1,  'T', '10:00am', 1, 1),
(29, 'Barre',            'B', 7,  'W', '4:00pm', 2, 1),
(30, 'Barre',            'A', 1,  'S', '2:00pm', 3, 1),
(31, 'Core Power',		 'B', 2,  'T', '8:00am', 1, 2),
(32, 'Core Power',       'B', 2,  'W', '8:00am', 2, 2),
(33, 'Core Power',       'A', 4,  'F', '11:00am', 3, 2),
(34, 'Ab Buster',        'B', 3,  'S', '9:00am', 2, 2),
(35, 'Ab Buster',        'A', 6,  'W', '10:00am', 3, 2)
SET IDENTITY_INSERT tblClass OFF;


insert into tblCustomerInClass (CustomerID, ClassID) values
 (171, 1),
 (166, 32),
 (196, 30),
 (110, 34),
 (129, 25),
 (183, 28),
 (78, 32),
 (85, 34),
 (7, 22),
 (141, 25),
 (110, 27),
 (240, 10),
 (27, 18),
 (107, 12),
 (189, 32),
 (211, 2),
 (120, 17),
 (235, 8),
 (166, 18),
 (131, 6),
 (155, 9),
 (31, 31),
 (237, 22),
 (12, 15),
 (175, 8),
 (177, 3),
 (39, 18),
 (178, 33),
 (213, 1),
 (26, 9),
 (158, 21),
 (169, 13),
 (115, 7),
 (190, 31),
 (19, 28),
 (151, 23),
 (42, 11),
 (63, 12),
 (76, 9),
 (61, 13),
 (170, 35),
 (102, 1),
 (239, 7),
 (92, 25),
 (64, 29),
 (171, 27),
 (40, 19),
 (169, 19),
 (242, 22),
 (105, 6),
 (132, 18),
 (162, 32),
 (36, 20),
 (58, 19),
 (144, 15),
 (153, 31),
 (39, 30),
 (175, 1),
 (19, 10),
 (136, 25),
 (77, 35),
 (221, 24),
 (21, 10),
 (143, 24),
 (52, 33),
 (200, 8),
 (107, 26),
 (167, 8),
 (241, 27),
 (118, 13),
 (105, 19),
 (81, 2),
 (139, 21),
 (241, 2),
 (82, 22),
 (127, 15),
 (12, 31),
 (27, 28),
 (139, 1),
 (237, 7),
 (244, 34),
 (173, 34),
 (195, 21),
 (158, 28),
 (144, 19),
 (128, 15),
 (229, 26),
 (22, 19),
 (63, 28),
 (155, 29),
 (109, 8),
 (249, 7),
 (159, 2),
 (21, 8),
 (194, 33),
 (190, 21),
 (77, 29),
 (153, 9),
 (157, 15),
 (95, 14),
 (106, 26),
 (185, 15),
 (188, 27),
 (234, 9),
 (158, 6),
 (81, 12),
 (81, 1),
 (155, 9),
 (170, 18),
 (173, 12),
 (200, 20),
 (202, 29),
 (59, 22),
 (141, 21),
 (127, 12),
 (250, 34),
 (48, 23),
 (250, 30),
 (94, 15),
 (173, 32),
 (36, 24),
 (164, 35),
 (23, 33),
 (20, 3),
 (184, 18),
 (116, 35),
 (58, 34),
 (34, 24),
 (167, 32),
 (67, 4),
 (211, 5),
 (54, 9),
 (101, 13),
 (162, 15),
 (159, 29),
 (121, 2),
 (109, 24),
 (20, 12),
 (148, 18),
 (204, 11),
 (7, 26),
 (89, 35),
 (243, 23),
 (121, 3),
 (79, 35),
 (2, 13),
 (120, 3),
 (182, 31),
 (207, 16),
 (150, 26),
 (126, 34),
 (149, 34),
 (169, 12),
 (61, 19),
 (49, 1),
 (109, 19),
 (41, 6),
 (38, 31),
 (148, 33),
 (148, 18),
 (37, 8),
 (23, 26),
 (201, 9),
 (4, 13),
 (145, 1),
 (82, 30),
 (191, 17),
 (112, 29),
 (49, 8),
 (183, 25),
 (177, 30),
 (113, 4),
 (221, 23),
 (45, 16),
 (91, 25),
 (102, 14),
 (216, 10),
 (88, 3),
 (14, 28),
 (40, 28),
 (166, 21),
 (61, 16),
 (186, 2),
 (207, 7),
 (133, 10),
 (106, 6),
 (141, 25),
 (222, 10),
 (52, 9),
 (238, 24),
 (75, 22),
 (143, 16),
 (22, 23),
 (187, 31),
 (31, 4),
 (71, 32),
 (53, 25),
 (152, 27),
 (197, 22),
 (42, 6),
 (13, 2),
 (224, 19),
 (30, 33),
 (40, 17),
 (196, 17),
 (29, 28),
 (119, 12),
 (89, 20),
 (62, 1),
 (92, 25),
 (201, 3),
 (161, 32),
 (133, 17),
 (195, 12),
 (242, 29),
 (173, 32),
 (104, 16),
 (101, 30),
 (152, 2),
 (168, 20),
 (235, 35),
 (36, 6),
 (110, 23),
 (136, 16),
 (169, 20),
 (213, 34),
 (190, 29),
 (20, 31),
 (192, 33),
 (164, 35),
 (176, 2),
 (173, 34),
 (33, 32),
 (96, 22),
 (132, 23),
 (120, 14),
 (120, 2),
 (153, 3),
 (82, 23),
 (130, 27),
 (22, 1),
 (44, 6),
 (37, 6),
 (31, 30),
 (194, 26),
 (40, 32),
 (208, 21),
 (42, 13),
 (250, 13),
 (217, 22),
 (57, 28),
 (19, 29),
 (169, 34),
 (76, 15),
 (149, 25),
 (239, 10),
 (159, 4),
 (83, 27),
 (106, 26),
 (17, 27),
 (3, 21),
 (5, 32),
 (43, 32),
 (125, 23),
 (96, 35),
 (65, 3),
 (168, 2),
 (137, 29),
 (176, 6),
 (47, 32),
 (244, 20),
 (233, 26),
 (80, 17),
 (68, 16),
 (89, 1),
 (90, 8),
 (61, 9),
 (224, 20),
 (101, 29),
 (92, 29),
 (79, 10),
 (135, 2),
 (71, 22),
 (149, 23),
 (80, 33),
 (236, 6),
 (20, 20),
 (236, 17),
 (154, 32),
 (36, 31),
 (18, 16),
 (10, 31),
 (225, 4),
 (241, 24),
 (232, 9),
 (203, 29),
 (172, 10),
 (37, 13),
 (68, 10),
 (60, 28)
 
--------------------------------- Create Views --------------------------------------------

 GO
 /****** Object:  View Customers    ******/

CREATE VIEW [dbo].[vwCustomer] 
	AS 
SELECT *, 
		[Name] = (FirstName + ' ' + LastName)
FROM tblCustomer

GO

 /****** Object:  View Instructor   ******/
CREATE VIEW [dbo].[vwInstructor] 
	AS 
SELECT *, 
		[Name] = (FirstName + ' ' + LastName)
FROM tblInstructor

GO
 /****** Object:  View Class   ******/
CREATE VIEW [dbo].[vwClass] 
	AS 
SELECT c.*, 
		[InstructorName] = (i.FirstName + ' ' + i.LastName),
		[DayTime] = (ClassDOW + ' ' + ClassTime),
		ClassFocusName
FROM tblClass c
	JOIN tblInstructor i ON
		(c.InstructorID = i.InstructorID)
	JOIN tblClassFocus f ON
		(c.ClassFocusID = f.ClassFocusID)

GO
 /****** Object:  View ClassFocus   ******/
CREATE VIEW [dbo].[vwClassFocus] 
	AS 
SELECT *
FROM tblClassFocus

GO
 /****** Object:  View Level   ******/
CREATE VIEW [dbo].[vwLevel] 
	AS 
SELECT *
FROM tblLevel

GO
 /****** Object:  View CustomerInClass   ******/
CREATE VIEW [dbo].[vwCustomerInClass] 
	AS 
SELECT *
FROM tblCustomerInClass

GO
 /****** Object:  View CustomerMetrics   ******/
CREATE VIEW [dbo].[vwCustomerMetrics] 
	AS 
SELECT *, [BMI] = FLOOR((((WeightInLbs/HeightInInches)/HeightInInches)*703))
FROM tblCustomerMetrics










------------------------------- Stored Procedures -------------------------------

 /****** Object:  SP Add Update Delete Customer ********/
 GO
CREATE PROCEDURE [dbo].[spAddUpdateDelete_Customer]
@CustomerID    INT,          
@EmailAddress  VARCHAR (255),
@FirstName     VARCHAR (60), 
@LastName      VARCHAR (60), 
@hardDelete	   BIT = 0         
AS
BEGIN
	BEGIN TRAN
		BEGIN TRY
			--==================================================================== DELETE
			IF(@hardDelete = 1) BEGIN	
				IF NOT EXISTS(SELECT NULL FROM tblCustomer) BEGIN
					SELECT [CustomerID] = @CustomerID, [ErroCode] = 0, [ErroMsg] = 'No Customer with specified customerID.'
					END ELSE 
					BEGIN 
						DELETE FROM tblCustomerInClass WHERE CustomerID = @CustomerID	
						DELETE FROM tblCustomerMetrics WHERE CustomerID = @CustomerID										
						DELETE FROM tblCustomer WHERE CustomerID = @CustomerID
						SELECT [CustomerID] = 0, [ErroCode] = 0, [ErroMsg] = 'Customer Deleted Sucessfully.'
					END
			--==================================================================== ADD
			END ELSE IF(@CustomerID = 0) BEGIN									
				IF NOT EXISTS(SELECT NULL FROM tblCustomer WHERE EmailAddress = @EmailAddress) BEGIN
					  insert into tblCustomer (EmailAddress, FirstName, LastName)
					   VALUES (@EmailAddress, @FirstName, @LastName)
					   SELECT [CustomerID] = @@IDENTITY, [ErroCode] = 0, [ErroMsg] = 'Customer Sucessfully Added.'
				END ELSE BEGIN
					SELECT [CustomerID] = 0, [ErroCode] = 1, [ErroMsg] = 'There is already a customer with the same email address.'
				END

			--==================================================================== UPDATE
			END ELSE IF(@CustomerID > 0) BEGIN
				IF		EXISTS(SELECT NULL FROM tblCustomer WHERE (EmailAddress = @EmailAddress ) AND (CustomerID = @CustomerID)) BEGIN

					UPDATE tblCustomer SET 
					EmailAddress = @EmailAddress, FirstName =@FirstName,
					LastName = @LastName
					WHERE CustomerID = @CustomerID
					SELECT [CustomerID] = @CustomerID, [ErroCode] = 0, [ErroMsg] = 'Customer Sucessfully updated.'

				END ELSE BEGIN
					SELECT [CustomerID] = @CustomerID, [ErroCode] = 1, [ErroMsg] = 'Update didn''t work. Possible issue with email address or customer id'
				END

			END ELSE BEGIN
				SELECT [CustomerID] = @CustomerID, [ErroCode] = 1, [ErroMsg] = 'Error... Contact Support.'
			END
		END TRY BEGIN CATCH
			IF(@@TRANCOUNT > 0) ROLLBACK TRAN;
		END CATCH
	IF(@@TRANCOUNT > 0) COMMIT TRAN;
END
GO


/****** Object:  SP Get Classes By Day ********/
CREATE PROCEDURE [dbo].[spGetClassByDay]
	@ClassDOW VARCHAR (60)
AS
	SELECT ClassDOW, ClassName, ClassTime, ClassStudio, l.LevelName AS [ClassLevel], c.InstructorName, ClassFocusName
	FROM vwClass As c
	JOIN tblLevel As l
	On c.LevelID = l.LevelID
	WHERE ClassDOW=@ClassDOW
	ORDER BY c.LevelID

GO

/****** Object:  SP Get Classes By Instructor ********/
CREATE PROCEDURE [dbo].[spGetClassByInstructor]
	@FirstName VARCHAR (60),
	@LastName VARCHAR (60)
AS
	SELECT i.InstructorID, i.FirstName +' '+ i.LastName AS [InstructorName], c.ClassName, c.ClassDOW, c.ClassTime, c.ClassStudio, l.LevelName AS [ClassLevel], ClassFocusName
	From vwClass c
	JOIN tblInstructor i ON
	c.InstructorID = i.InstructorID
	JOIN tblLevel As l
	On c.LevelID = l.LevelID
	WHERE i.FirstName = @FirstName AND i.LastName = @LastName
	ORDER BY c.ClassDOW
GO


/****** Object:  SP Get Classes By Level ********/
CREATE PROCEDURE [dbo].[spGetClassByLevel]
	@LevelID INT
AS
	SELECT ClassDOW, ClassName, ClassTime, ClassStudio, l.LevelName AS [ClassLevel], InstructorName, ClassFocusName
	FROM vwClass As c
	JOIN tblLevel As l
	On c.LevelID = l.LevelID
	WHERE c.LevelID = @LevelID
	ORDER BY c.ClassName

GO



/****** Object:  SP Get Classes By Focus ********/
CREATE PROCEDURE [dbo].[spGetClassByFocus]
	@ClassFocusID INT
AS
	SELECT  f.ClassFocusName, ClassDOW, ClassName, ClassTime, ClassStudio, l.LevelName AS [ClassLevel], InstructorName
	FROM vwClass As c
	JOIN tblLevel As l
	On c.LevelID = l.LevelID
	JOIN tblClassFocus f
	ON f.ClassFocusID = c.ClassFocusID
	WHERE c.ClassFocusID = @ClassFocusID
	ORDER BY c.ClassName, c.LevelID

GO

/****** Object:  SP Get Customers By Class ********/
CREATE PROCEDURE [dbo].[spGetCustomersByClass]
	@ClassName VARCHAR (60)
AS
	SELECT c.ClassName, c.ClassDOW, c.ClassTime, c.ClassStudio, cu.FirstName, cu.LastName 
	FROM tblCustomerInClass i
	JOIN tblCustomer cu ON
	i.CustomerID = cu.CustomerID
	JOIN tblClass c ON
	c.ClassID = i.ClassID
	WHERE c.ClassName = @ClassName
	ORDER BY c.ClassDOW, c.ClassTime, cu.LastName, cu.FirstName


GO

/****** Object:  SP add customer metric ********/
CREATE PROCEDURE [dbo].[spAddCustomerMetric]
    @CustomerID     INT,
	@WeightInLbs    FLOAT (53), 
	@HeightInInches FLOAT (53),
	@WeighInDate    DATE         
AS
IF EXISTS (SELECT NULL FROM tblCustomer WHERE CustomerID= @CustomerID)
BEGIN
insert into tblCustomerMetrics(CustomerID, WeightInLbs, HeightInInches, WeighInDate)
	                  VALUES (@CustomerID, @WeightInLbs, @HeightInInches, @WeighInDate)
SELECT [CustomerID] = @CustomerID, [weightInLbs] = @WeightInLbs, [LastUpdated] = CONVERT(varchar(60), @WeighInDate), [ErroCode] = 0, [ErroMsg] = 'N/A'
END ELSE BEGIN 
	SELECT [CustomerID] = @CustomerID, [weightInLbs] = 'N/A', [LastUpdated] = CONVERT(varchar(60), @WeighInDate), [ErroCode] = 1, [ErroMsg] = 'No customer found with this CustomerID.'
END

GO


/****** Object:  SP Get Latest Weigh In ********/
CREATE PROCEDURE [dbo].[spGetLatestWeighIn]
	@EmailAddress VARCHAR (255) 
AS
	SELECT TOP(1) c.FirstName, c.LastName, m.WeightInLbs, m.BMI, CONVERT(varchar(60), m.WeighInDate) AS WeighInDate
	FROM vwCustomerMetrics AS m
	JOIN tblCustomer AS c ON
	c.CustomerID = m.CustomerID
	WHERE c.EmailAddress = @EmailAddress
	ORDER BY m.WeighInDate DESC